{
	"format_version": "1.12.0",
	"minecraft:geometry": [
		{
			"description": {
				"identifier": "geometry.unknown",
				"texture_width": 128,
				"texture_height": 128,
				"visible_bounds_width": 4,
				"visible_bounds_height": 4.5,
				"visible_bounds_offset": [0, 1.75, 0]
			},
			"bones": [
				{
					"name": "entity",
					"pivot": [0, 0, 0]
				},
				{
					"name": "body",
					"parent": "entity",
					"pivot": [0.40909, 13.11144, 2.09795],
					"cubes": [
						{
							"origin": [-5.5, 13, -12],
							"size": [11, 9, 21],
							"inflate": 0.03,
							"uv": {
								"north": {"uv": [62.66667, 93.33333], "uv_size": [14.66667, 12]},
								"east": {"uv": [34.66667, 93.33333], "uv_size": [28, 12]},
								"south": {"uv": [105.33333, 93.33333], "uv_size": [14.66667, 12]},
								"west": {"uv": [77.33333, 93.33333], "uv_size": [28, 12]},
								"up": {"uv": [62.66667, 65.33333], "uv_size": [14.66667, 28]},
								"down": {"uv": [77.33333, 93.33333], "uv_size": [14.66667, -28]}
							}
						}
					]
				},
				{
					"name": "wing",
					"parent": "body",
					"pivot": [5.5, 22, -5],
					"rotation": [0, -10, -10],
					"cubes": [
						{
							"origin": [5.84466, 21.98481, -10.04535],
							"size": [17, 0, 22],
							"inflate": 0.01,
							"pivot": [5.84466, 21.98481, -3.04535],
							"rotation": [0, 0, -45],
							"uv": {
								"north": {"uv": [77.33333, 65.33333], "uv_size": [-22.66667, 0]},
								"east": {"uv": [106.66667, 65.33333], "uv_size": [-29.33333, 0]},
								"south": {"uv": [129.33333, 65.33333], "uv_size": [-22.66667, 0]},
								"west": {"uv": [54.66667, 65.33333], "uv_size": [-29.33333, 0]},
								"up": {"uv": [77.33333, 36], "uv_size": [-22.66667, 29.33333]},
								"down": {"uv": [100, 65.33333], "uv_size": [-22.66667, -29.33333]}
							}
						}
					]
				},
				{
					"name": "wing2",
					"parent": "body",
					"pivot": [-5.5, 22, -5],
					"rotation": [0, 7.5, 10],
					"cubes": [
						{
							"origin": [-22.93321, 21.98481, -10.03978],
							"size": [17, 0, 22],
							"inflate": 0.01,
							"pivot": [-5.93321, 21.98481, -3.03978],
							"rotation": [0, 0, 45],
							"uv": {
								"north": {"uv": [54.66667, 65.33333], "uv_size": [22.66667, 0]},
								"east": {"uv": [25.33333, 65.33333], "uv_size": [29.33333, 0]},
								"south": {"uv": [106.66667, 65.33333], "uv_size": [22.66667, 0]},
								"west": {"uv": [77.33333, 65.33333], "uv_size": [29.33333, 0]},
								"up": {"uv": [54.66667, 36], "uv_size": [22.66667, 29.33333]},
								"down": {"uv": [77.33333, 65.33333], "uv_size": [22.66667, -29.33333]}
							}
						}
					]
				},
				{
					"name": "neck",
					"parent": "body",
					"pivot": [0, 25.3, -41],
					"cubes": [
						{
							"origin": [-4, 16, -14],
							"size": [8, 11, 8],
							"uv": {
								"north": {"uv": [94.66667, 10.66667], "uv_size": [10.66667, 14.66667]},
								"east": {"uv": [84, 10.66667], "uv_size": [10.66667, 14.66667]},
								"south": {"uv": [116, 10.66667], "uv_size": [10.66667, 14.66667]},
								"west": {"uv": [105.33333, 10.66667], "uv_size": [10.66667, 14.66667]},
								"up": {"uv": [94.66667, 0], "uv_size": [10.66667, 10.66667]},
								"down": {"uv": [105.33333, 10.66667], "uv_size": [10.66667, -10.66667]}
							}
						}
					]
				},
				{
					"name": "head",
					"parent": "neck",
					"pivot": [0, 27, -9],
					"cubes": [
						{
							"origin": [-4, 27, -15],
							"size": [8, 8, 9],
							"inflate": 0.01,
							"pivot": [0, 27.25, -8],
							"rotation": [12.5, 0, 0],
							"uv": {
								"north": {"uv": [60, 25.33333], "uv_size": [10.66667, 10.66667]},
								"east": {"uv": [48, 25.33333], "uv_size": [12, 10.66667]},
								"south": {"uv": [82.66667, 25.33333], "uv_size": [10.66667, 10.66667]},
								"west": {"uv": [70.66667, 25.33333], "uv_size": [12, 10.66667]},
								"up": {"uv": [60, 13.33333], "uv_size": [10.66667, 12]},
								"down": {"uv": [70.66667, 25.33333], "uv_size": [10.66667, -12]}
							}
						},
						{
							"origin": [-4, 28, -22],
							"size": [8, 7, 7],
							"inflate": 0.01,
							"pivot": [0, 27.25, -8],
							"rotation": [12.5, 0, 0],
							"uv": {
								"north": {"uv": [97.33333, 118.66667], "uv_size": [10.66667, 9.33333]},
								"east": {"uv": [88, 118.66667], "uv_size": [9.33333, 9.33333]},
								"south": {"uv": [117.33333, 118.66667], "uv_size": [10.66667, 9.33333]},
								"west": {"uv": [108, 118.66667], "uv_size": [9.33333, 9.33333]},
								"up": {"uv": [97.33333, 109.33333], "uv_size": [10.66667, 9.33333]},
								"down": {"uv": [108, 118.66667], "uv_size": [10.66667, -9.33333]}
							}
						},
						{
							"origin": [-4, 35, -6],
							"size": [8, 0, 3],
							"inflate": 0.01,
							"pivot": [0, 27.25, -8],
							"rotation": [12.5, 0, 0],
							"uv": {
								"north": {"uv": [18.66667, 30.66667], "uv_size": [10.66667, 0]},
								"east": {"uv": [14.66667, 30.66667], "uv_size": [4, 0]},
								"south": {"uv": [33.33333, 30.66667], "uv_size": [10.66667, 0]},
								"west": {"uv": [29.33333, 30.66667], "uv_size": [4, 0]},
								"up": {"uv": [18.66667, 26.66667], "uv_size": [10.66667, 4]},
								"down": {"uv": [29.33333, 30.66667], "uv_size": [10.66667, -4]}
							}
						},
						{
							"origin": [-4, 22, -3],
							"size": [8, 13, 0],
							"inflate": 0.01,
							"pivot": [0, 27.25, -8],
							"rotation": [12.5, 0, 0],
							"uv": {
								"north": {"uv": [18.66667, 32], "uv_size": [10.66667, 17.33333]},
								"east": {"uv": [18.66667, 32], "uv_size": [0, 17.33333]},
								"south": {"uv": [29.33333, 32], "uv_size": [10.66667, 17.33333]},
								"west": {"uv": [29.33333, 32], "uv_size": [0, 17.33333]},
								"up": {"uv": [18.66667, 32], "uv_size": [10.66667, 0]},
								"down": {"uv": [29.33333, 32], "uv_size": [10.66667, 0]}
							}
						},
						{
							"origin": [-4, 23, -7],
							"size": [0, 12, 4],
							"inflate": 0.01,
							"pivot": [0, 27.25, -8],
							"rotation": [12.5, 0, 0],
							"uv": {
								"north": {"uv": [6.66667, 8], "uv_size": [0, 16]},
								"east": {"uv": [1.33333, 8], "uv_size": [5.33333, 16]},
								"south": {"uv": [12, 8], "uv_size": [0, 16]},
								"west": {"uv": [6.66667, 8], "uv_size": [5.33333, 16]},
								"up": {"uv": [6.66667, 2.66667], "uv_size": [0, 5.33333]},
								"down": {"uv": [6.66667, 8], "uv_size": [0, -5.33333]}
							}
						},
						{
							"origin": [-4, 31, -4],
							"size": [0, 9, 10],
							"inflate": 0.01,
							"pivot": [0, 27.25, -8],
							"rotation": [12.5, 0, 0],
							"uv": {
								"north": {"uv": [24, 9.33333], "uv_size": [0, 12]},
								"east": {"uv": [10.66667, 9.33333], "uv_size": [13.33333, 12]},
								"south": {"uv": [37.33333, 9.33333], "uv_size": [0, 12]},
								"west": {"uv": [24, 9.33333], "uv_size": [13.33333, 12]},
								"up": {"uv": [24, -4], "uv_size": [0, 13.33333]},
								"down": {"uv": [24, 9.33333], "uv_size": [0, -13.33333]}
							}
						},
						{
							"origin": [4, 31, -4],
							"size": [0, 9, 10],
							"inflate": 0.01,
							"pivot": [0, 27.25, -8],
							"rotation": [12.5, 0, 0],
							"uv": {
								"north": {"uv": [24, 9.33333], "uv_size": [0, 12]},
								"east": {"uv": [10.66667, 9.33333], "uv_size": [13.33333, 12]},
								"south": {"uv": [37.33333, 9.33333], "uv_size": [0, 12]},
								"west": {"uv": [24, 9.33333], "uv_size": [13.33333, 12]},
								"up": {"uv": [24, -4], "uv_size": [0, 13.33333]},
								"down": {"uv": [24, 9.33333], "uv_size": [0, -13.33333]}
							}
						},
						{
							"origin": [4, 23, -7],
							"size": [0, 12, 4],
							"inflate": 0.01,
							"pivot": [0, 27.25, -8],
							"rotation": [12.5, 0, 0],
							"uv": {
								"north": {"uv": [6.66667, 8], "uv_size": [0, 16]},
								"east": {"uv": [1.33333, 8], "uv_size": [5.33333, 16]},
								"south": {"uv": [12, 8], "uv_size": [0, 16]},
								"west": {"uv": [6.66667, 8], "uv_size": [5.33333, 16]},