{
	"format_version": "1.12.0",
	"minecraft:geometry": [
		{
			"description": {
				"identifier": "geometry.unknown",
				"texture_width": 128,
				"texture_height": 128,
				"visible_bounds_width": 5,
				"visible_bounds_height": 4.5,
				"visible_bounds_offset": [0, 1.75, 0]
			},
			"bones": [
				{
					"name": "entity",
					"pivot": [0, 0, 0]
				},
				{
					"name": "body",
					"parent": "entity",
					"pivot": [0.40909, 13.11144, 0.09795],
					"cubes": [
						{
							"origin": [-5.5, 13, -12],
							"size": [11, 10, 21],
							"inflate": 0.02,
							"uv": {
								"north": {"uv": [62.66667, 102.66667], "uv_size": [14.66667, 13.33333]},
								"east": {"uv": [34.66667, 102.66667], "uv_size": [28, 13.33333]},
								"south": {"uv": [105.33333, 102.66667], "uv_size": [14.66667, 13.33333]},
								"west": {"uv": [77.33333, 102.66667], "uv_size": [28, 13.33333]},
								"up": {"uv": [62.66667, 74.66667], "uv_size": [14.66667, 28]},
								"down": {"uv": [77.33333, 102.66667], "uv_size": [14.66667, -28]}
							}
						}
					]
				},
				{
					"name": "wing",
					"parent": "body",
					"pivot": [2.5, 23, 0],
					"rotation": [0, -10, -10],
					"cubes": [
						{
							"origin": [2.5, 23, -5],
							"size": [22, 0, 16],
							"inflate": 0.01,
							"pivot": [2.5, 23, -2],
							"rotation": [0, 0, -45],
							"uv": {
								"north": {"uv": [128, 85.33333], "uv_size": [-17.33333, 2.66667]},
								"east": {"uv": [128, 85.33333], "uv_size": [-21.33333, 1.33333]},
								"south": {"uv": [128, 70.66667], "uv_size": [-29.33333, 0]},
								"west": {"uv": [118.66667, 93.33333], "uv_size": [-18.66667, 1.33333]},
								"up": {"uv": [128, 50.66667], "uv_size": [-29.33333, 21.33333]},
								"down": {"uv": [128, 72], "uv_size": [-29.33333, -21.33333]}
							}
						}
					]
				},
				{
					"name": "wing2",
					"parent": "body",
					"pivot": [-2.5, 23, 0],
					"rotation": [0, 7.5, 10],
					"cubes": [
						{
							"origin": [-24.5, 23, -5],
							"size": [22, 0, 16],
							"inflate": 0.01,
							"pivot": [-2.5, 23, -2],
							"rotation": [0, 0, 45],
							"uv": {
								"north": {"uv": [110.66667, 85.33333], "uv_size": [17.33333, 2.66667]},
								"east": {"uv": [100, 93.33333], "uv_size": [18.66667, 1.33333]},
								"south": {"uv": [98.66667, 70.66667], "uv_size": [29.33333, 0]},
								"west": {"uv": [106.66667, 85.33333], "uv_size": [21.33333, 1.33333]},
								"up": {"uv": [98.66667, 50.66667], "uv_size": [29.33333, 21.33333]},
								"down": {"uv": [98.66667, 72], "uv_size": [29.33333, -21.33333]}
							}
						}
					]
				},
				{
					"name": "neck",
					"parent": "body",
					"pivot": [0, 25.3, -41],
					"cubes": [
						{
							"origin": [-4, 16, -14],
							"size": [8, 11, 8],
							"uv": {
								"north": {"uv": [16, 25.33333], "uv_size": [10.66667, 14.66667]},
								"east": {"uv": [5.33333, 25.33333], "uv_size": [10.66667, 14.66667]},
								"south": {"uv": [37.33333, 25.33333], "uv_size": [10.66667, 14.66667]},
								"west": {"uv": [26.66667, 25.33333], "uv_size": [10.66667, 14.66667]},
								"up": {"uv": [16, 14.66667], "uv_size": [10.66667, 10.66667]},
								"down": {"uv": [26.66667, 25.33333], "uv_size": [10.66667, -10.66667]}
							}
						}
					]
				},
				{
					"name": "head",
					"parent": "neck",
					"pivot": [0, 27, -9],
					"cubes": [
						{
							"origin": [-4, 27, -22],
							"size": [8, 3, 16],
							"inflate": 0.01,
							"uv": {
								"north": {"uv": [48, 46.66667], "uv_size": [10.66667, 4]},
								"east": {"uv": [26.66667, 46.66667], "uv_size": [21.33333, 4]},
								"south": {"uv": [80, 46.66667], "uv_size": [10.66667, 4]},
								"west": {"uv": [58.66667, 46.66667], "uv_size": [21.33333, 4]},
								"up": {"uv": [48, 25.33333], "uv_size": [10.66667, 21.33333]},
								"down": {"uv": [58.66667, 46.66667], "uv_size": [10.66667, -21.33333]}
							}
						},
						{
							"origin": [-4, 30, -12],
							"size": [8, 5, 6],
							"uv": {
								"north": {"uv": [52, 62.66667], "uv_size": [10.66667, 6.66667]},
								"east": {"uv": [44, 62.66667], "uv_size": [8, 6.66667]},
								"south": {"uv": [70.66667, 62.66667], "uv_size": [10.66667, 6.66667]},
								"west": {"uv": [62.66667, 62.66667], "uv_size": [8, 6.66667]},
								"up": {"uv": [52, 54.66667], "uv_size": [10.66667, 8]},
								"down": {"uv": [62.66667, 62.66667], "uv_size": [10.66667, -8]}
							}
						},
						{
							"origin": [-4.5, 29, -16],
							"size": [9, 7, 8],
							"uv": {
								"north": {"uv": [84, 33.33333], "uv_size": [12, 9.33333]},
								"east": {"uv": [73.33333, 33.33333], "uv_size": [10.66667, 9.33333]},
								"south": {"uv": [106.66667, 33.33333], "uv_size": [12, 9.33333]},
								"west": {"uv": [96, 33.33333], "uv_size": [10.66667, 9.33333]},
								"up": {"uv": [84, 22.66667], "uv_size": [12, 10.66667]},
								"down": {"uv": [96, 33.33333], "uv_size": [12, -10.66667]}
							}
						},
						{
							"origin": [-4.5, 29, -23],
							"size": [9, 4, 7],
							"uv": {
								"north": {"uv": [82.66667, 14.66667], "uv_size": [12, 5.33333]},
								"east": {"uv": [73.33333, 14.66667], "uv_size": [9.33333, 5.33333]},
								"south": {"uv": [104, 14.66667], "uv_size": [12, 5.33333]},
								"west": {"uv": [94.66667, 14.66667], "uv_size": [9.33333, 5.33333]},
								"up": {"uv": [82.66667, 5.33333], "uv_size": [12, 9.33333]},
								"down": {"uv": [94.66667, 14.66667], "uv_size": [12, -9.33333]}
							}
						},
						{
							"origin": [-13, 35, -9],
							"size": [9, 0, 3],
							"inflate": 0.01,
							"pivot": [-4, 35, -7],
							"rotation": [0, 0, 62.5],
							"uv": {
								"north": {"uv": [49.33333, 73.33333], "uv_size": [12, 0]},
								"east": {"uv": [45.33333, 73.33333], "uv_size": [4, 0]},
								"south": {"uv": [65.33333, 73.33333], "uv_size": [12, 0]},
								"west": {"uv": [61.33333, 73.33333], "uv_size": [4, 0]},
								"up": {"uv": [49.33333, 69.33333], "uv_size": [12, 4]},
								"down": {"uv": [61.33333, 73.33333], "uv_size": [12, -4]}
							}
						},
						{
							"origin": [4, 35, -9],
							"size": [9, 0, 3],
							"inflate": 0.01,
							"pivot": [4, 35, -7],
							"rotation": [0, 0, -62.5],
							"uv": {
								"north": {"uv": [61.33333, 73.33333], "uv_size": [-12, 0]},
								"east": {"uv": [65.33333, 73.33333], "uv_size": [-4, 0]},
								"south": {"uv": [77.33333, 73.33333], "uv_size": [-12, 0]},
								"west": {"uv": [49.33333, 73.33333], "uv_size": [-4, 0]},
								"up": {"uv": [61.33333, 69.33333], "uv_size": [-12, 4]},
								"down": {"uv": [73.33333, 73.33333], "uv_size": [-12, -4]}
							}
						},
						{
							"origin": [-1, 35, -16],
							"size": [2, 9, 3],
							"pivot": [0, 35, -16],
							"rotation": [17.5, 0, 0],
							"uv": {
								"north": {"uv": [117.33333, 20], "uv_size": [2.66667, 12]},
								"east": {"uv": [113.33333, 20], "uv_size": [4, 12]},
								"south": {"uv": [124, 20], "uv_size": [2.66667, 12]},
								"west": {"uv": [120, 20], "uv_size": [4, 12]},
								"up": {"uv": [117.33333, 16], "uv_size": [2.66667, 4]},
								"down": {"uv": [120, 20], "uv_size": [2.66667, -4]}
							}
						},
						{
							"origin": [0, 28, -11],
							"size": [0, 14, 9],
							"inflate": 0.01,
							"uv": {
								"north": {"uv": [50.66667, 77.33333], "uv_size": [0, 18.66667]},
								"east": {"uv": [38.66667, 77.33333], "uv_size": [12, 18.66667]},
								"south": {"uv": [62.66667, 77.33333], "uv_size": [0, 18.66667]},
								"west": {"uv": [50.66667, 77.33333], "uv_size": [12, 18.66667]},
								"up": {"uv": [110.66667, 80], "uv_size": [-9.33333, 12]},
								"down": {"uv": [110.66667, 92], "uv_size": [-9.33333, -12]}
							}
						}
					]
				},
				{
					"name": "tail",
					"parent": "body",
					"pivot": [0, 20.5, 9],
					"cubes": [
						{
							"origin": [0, 9, 9],
							"size": [0, 13, 9],
							"inflate": 0.01,